{
  "120363307957671489@g.us": {
    "listBadword": [
      "kontol",
      "memek",
      "Kontol",
      "Memek",
      "anjing",
      "anj",
      "asu",
      "anak haram",
      "babi"
    ],
    "createdAt": "2025-03-04T16:25:12.686Z",
    "updatedAt": "2025-03-04T16:27:16.195Z"
  },
  "120363416979025776@g.us": {
    "listBadword": [],
    "createdAt": "2025-03-16T14:03:54.676Z",
    "updatedAt": "2025-03-16T14:03:54.676Z"
  },
  "global-badword": {
    "listBadword": [
      "tolol",
      "anjing",
      "anj",
      "mmk",
      "memek",
      "kntl",
      "kontol",
      "puki"
    ],
    "createdAt": "2025-03-16T14:03:54.679Z",
    "updatedAt": "2025-03-16T14:09:58.886Z"
  },
  "120363388729610570@g.us": {
    "listBadword": [],
    "createdAt": "2025-03-16T14:07:32.009Z",
    "updatedAt": "2025-03-16T14:07:32.009Z"
  },
  "120363400275812212@g.us": {
    "listBadword": [
      "tess"
    ],
    "createdAt": "2025-04-13T03:13:50.345Z",
    "updatedAt": "2025-04-13T03:14:19.539Z"
  }
}