{
  "120363398968079355@g.us": {
    "fitur": {
      "antilink": false,
      "antilinkv2": false,
      "antilinkwa": false,
      "antilinkwav2": false,
      "badword": false,
      "antidelete": false,
      "antiedit": false,
      "antigame": false,
      "antifoto": false,
      "antivideo": false,
      "antiaudio": false,
      "antidocument": false,
      "antikontak": false,
      "antisticker": false,
      "antipolling": false,
      "antispamchat": false,
      "antivirtex": false,
      "antiviewonce": false,
      "autoai": false,
      "autosimi": false,
      "autorusuh": false,
      "welcome": false,
      "left": false,
      "promote": false,
      "demote": false,
      "onlyadmin": false,
      "mute": false,
      "detectblacklist": false,
      "waktusholat": false,
      "antibot": false,
      "antitagsw": false,
      "antitagsw2": false,
      "antitagmeta": false,
      "antitagmeta2": false
    },
    "userBlock": [],
    "createdAt": "2025-04-30T21:19:52.505Z",
    "updatedAt": "2025-04-30T21:19:52.506Z"
  },
  "120363307957671489@g.us": {
    "fitur": {
      "antilink": false,
      "antilinkv2": false,
      "antilinkwa": false,
      "antilinkwav2": false,
      "badword": false,
      "antidelete": false,
      "antiedit": false,
      "antigame": false,
      "antifoto": false,
      "antivideo": false,
      "antiaudio": false,
      "antidocument": false,
      "antikontak": false,
      "antisticker": false,
      "antipolling": false,
      "antispamchat": false,
      "antivirtex": false,
      "antiviewonce": false,
      "autoai": false,
      "autosimi": false,
      "autorusuh": false,
      "welcome": false,
      "left": false,
      "promote": false,
      "demote": false,
      "onlyadmin": false,
      "mute": false,
      "detectblacklist": false,
      "waktusholat": false,
      "antibot": false,
      "antitagsw": false,
      "antitagsw2": false,
      "antitagmeta": false,
      "antitagmeta2": false
    },
    "userBlock": [],
    "createdAt": "2025-04-30T21:21:23.818Z",
    "updatedAt": "2025-04-30T21:21:23.818Z"
  },
  "120363417563710841@g.us": {
    "fitur": {
      "antilink": false,
      "antilinkv2": false,
      "antilinkwa": false,
      "antilinkwav2": false,
      "badword": false,
      "antidelete": false,
      "antiedit": false,
      "antigame": false,
      "antifoto": false,
      "antivideo": false,
      "antiaudio": false,
      "antidocument": false,
      "antikontak": false,
      "antisticker": false,
      "antipolling": false,
      "antispamchat": false,
      "antivirtex": false,
      "antiviewonce": false,
      "autoai": false,
      "autosimi": false,
      "autorusuh": false,
      "welcome": false,
      "left": false,
      "promote": false,
      "demote": false,
      "onlyadmin": false,
      "mute": false,
      "detectblacklist": false,
      "waktusholat": false,
      "antibot": false,
      "antitagsw": false,
      "antitagsw2": false,
      "antitagmeta": false,
      "antitagmeta2": false
    },
    "userBlock": [],
    "createdAt": "2025-04-30T21:53:46.553Z",
    "updatedAt": "2025-04-30T21:53:46.553Z"
  },
  "120363416979025776@g.us": {
    "fitur": {
      "antilink": false,
      "antilinkv2": false,
      "antilinkwa": false,
      "antilinkwav2": false,
      "badword": false,
      "antidelete": false,
      "antiedit": false,
      "antigame": false,
      "antifoto": false,
      "antivideo": false,
      "antiaudio": false,
      "antidocument": false,
      "antikontak": false,
      "antisticker": false,
      "antipolling": false,
      "antispamchat": false,
      "antivirtex": false,
      "antiviewonce": false,
      "autoai": false,
      "autosimi": false,
      "autorusuh": false,
      "welcome": false,
      "left": false,
      "promote": false,
      "demote": false,
      "onlyadmin": false,
      "mute": false,
      "detectblacklist": false,
      "waktusholat": false,
      "antibot": false,
      "antitagsw": false,
      "antitagsw2": false,
      "antitagmeta": false,
      "antitagmeta2": false
    },
    "userBlock": [],
    "createdAt": "2025-04-30T22:31:59.650Z",
    "updatedAt": "2025-04-30T22:31:59.650Z"
  },
  "120363417350190908@g.us": {
    "fitur": {
      "antilink": false,
      "antilinkv2": false,
      "antilinkwa": false,
      "antilinkwav2": false,
      "badword": false,
      "antidelete": false,
      "antiedit": false,
      "antigame": false,
      "antifoto": false,
      "antivideo": false,
      "antiaudio": false,
      "antidocument": false,
      "antikontak": false,
      "antisticker": false,
      "antipolling": false,
      "antispamchat": false,
      "antivirtex": false,
      "antiviewonce": false,
      "autoai": false,
      "autosimi": false,
      "autorusuh": false,
      "welcome": false,
      "left": false,
      "promote": false,
      "demote": false,
      "onlyadmin": false,
      "mute": false,
      "detectblacklist": false,
      "waktusholat": false,
      "antibot": false,
      "antitagsw": false,
      "antitagsw2": false,
      "antitagmeta": false,
      "antitagmeta2": false
    },
    "userBlock": [],
    "createdAt": "2025-04-30T23:03:46.197Z",
    "updatedAt": "2025-04-30T23:03:46.197Z"
  },
  "120363397929917125@g.us": {
    "fitur": {
      "antilink": false,
      "antilinkv2": false,
      "antilinkwa": false,
      "antilinkwav2": false,
      "badword": false,
      "antidelete": false,
      "antiedit": false,
      "antigame": false,
      "antifoto": false,
      "antivideo": false,
      "antiaudio": false,
      "antidocument": false,
      "antikontak": false,
      "antisticker": false,
      "antipolling": false,
      "antispamchat": false,
      "antivirtex": false,
      "antiviewonce": false,
      "autoai": false,
      "autosimi": false,
      "autorusuh": false,
      "welcome": false,
      "left": false,
      "promote": false,
      "demote": false,
      "onlyadmin": false,
      "mute": false,
      "detectblacklist": false,
      "waktusholat": false,
      "antibot": false,
      "antitagsw": false,
      "antitagsw2": false,
      "antitagmeta": false,
      "antitagmeta2": false
    },
    "userBlock": [],
    "createdAt": "2025-05-01T02:19:11.305Z",
    "updatedAt": "2025-05-01T02:19:11.305Z"
  },
  "120363418261543423@g.us": {
    "fitur": {
      "antilink": false,
      "antilinkv2": false,
      "antilinkwa": false,
      "antilinkwav2": false,
      "badword": false,
      "antidelete": false,
      "antiedit": false,
      "antigame": false,
      "antifoto": false,
      "antivideo": false,
      "antiaudio": false,
      "antidocument": false,
      "antikontak": false,
      "antisticker": false,
      "antipolling": false,
      "antispamchat": false,
      "antivirtex": false,
      "antiviewonce": false,
      "autoai": false,
      "autosimi": false,
      "autorusuh": false,
      "welcome": false,
      "left": false,
      "promote": false,
      "demote": false,
      "onlyadmin": false,
      "mute": false,
      "detectblacklist": false,
      "waktusholat": false,
      "antibot": false,
      "antitagsw": false,
      "antitagsw2": false,
      "antitagmeta": false,
      "antitagmeta2": false
    },
    "userBlock": [],
    "createdAt": "2025-05-01T04:44:37.666Z",
    "updatedAt": "2025-05-01T04:44:37.666Z"
  },
  "120363318370107960@g.us": {
    "fitur": {
      "antilink": false,
      "antilinkv2": false,
      "antilinkwa": false,
      "antilinkwav2": false,
      "badword": false,
      "antidelete": false,
      "antiedit": false,
      "antigame": false,
      "antifoto": false,
      "antivideo": false,
      "antiaudio": false,
      "antidocument": false,
      "antikontak": false,
      "antisticker": false,
      "antipolling": false,
      "antispamchat": false,
      "antivirtex": false,
      "antiviewonce": false,
      "autoai": false,
      "autosimi": false,
      "autorusuh": false,
      "welcome": false,
      "left": false,
      "promote": false,
      "demote": false,
      "onlyadmin": false,
      "mute": false,
      "detectblacklist": false,
      "waktusholat": false,
      "antibot": false,
      "antitagsw": false,
      "antitagsw2": false,
      "antitagmeta": false,
      "antitagmeta2": false
    },
    "userBlock": [],
    "createdAt": "2025-05-03T03:44:58.952Z",
    "updatedAt": "2025-05-03T03:44:58.952Z"
  }
}