{
  "owner": {
    "createdAt": "2025-03-22T04:15:35.433Z",
    "updatedAt": "2025-05-02T07:40:46.593Z",
    "list": {
      "⁩𝐢𝐧𝐭𝐫𝐨 𝐮𝐬𝐢𝐧𝐠 𝐨𝐰𝐧 𝐚𝐫𝐭!": {
        "content": {
          "text": "salam kenal, jangan lupa spill art nya",
          "media": null
        },
        "addedAt": "2025-03-22T04:19:20.056Z"
      },
      "eca": {
        "content": {
          "text": "apasi manggil\" eca",
          "media": null
        },
        "addedAt": "2025-05-02T07:40:46.593Z"
      }
    }
  }
}