{
  "120363307957671489@g.us": {
    "member": [
      "628891768169@s.whatsapp.net",
      "62895426955752@s.whatsapp.net",
      "6281244145074@s.whatsapp.net",
      "639319266882@s.whatsapp.net",
      "6289515755215@s.whatsapp.net"
    ],
    "createdAt": "02/05/2025",
    "updatedAt": "2025-05-02T11:22:55.151Z"
  },
  "120363416979025776@g.us": {
    "member": [
      "6282281479451@s.whatsapp.net",
      "6281368495049@s.whatsapp.net"
    ],
    "createdAt": "03/05/2025",
    "updatedAt": "2025-05-03T04:29:57.615Z"
  },
  "120363398506145623@g.us": {
    "member": [
      "6285256833258@s.whatsapp.net",
      "6281319047733@s.whatsapp.net",
      "628986738000@s.whatsapp.net",
      "6282197682208@s.whatsapp.net"
    ],
    "createdAt": "19/04/2025",
    "updatedAt": "2025-04-19T09:59:26.410Z"
  },
  "120363318370107960@g.us": {
    "member": [
      "628891768169@s.whatsapp.net"
    ],
    "createdAt": "27/04/2025"
  }
}