{
  "120363307957671489@g.us": {
    "add": "𝐖𝐞𝐥𝐜𝐨𝐦𝐞 𝐭𝐨 𝐂𝐨² 𝐠𝐚𝐧𝐠𝐠𝐮𝐚𝐧 𝐣𝐢𝐰𝐚 🎌 @NAME \n\n#- *‼️INTRO-CARD‼️* -#\n\n͜ ͜    ⟥─ׄ─ׅ─⟤  ✬꯭✬   ..   𖦷 ‿︵ 𑄹२\n||ㅤ\n|| √ nama                 :    \n||\n||√ umur.                 : \n||\n||√ askot                 : \n||\n||√ provinsi             :  \n||\n||√ gender                :   \n ͜ ͜    ⟥─ׄ─ׅ─⟤  ✬꯭✬   ..   𖦷 ‿︵ 𑄹२\n\n𝐒𝐞𝐦𝐨𝐠𝐚 𝐁𝐞𝐭𝐚𝐡",
    "remove": "𝐒𝐞𝐥𝐚𝐦𝐚𝐭 𝐓𝐢𝐧𝐠𝐠𝐚𝐥 @name 𝐁𝐞𝐛𝐚𝐧 𝐊𝐞𝐡𝐢𝐝𝐮𝐩𝐚𝐧"
  },
  "120363416979025776@g.us": {
    "add": "@name 𝐏𝐥𝐞𝐚𝐬𝐞 𝐢𝐧𝐭𝐫𝐨 𝐩𝐫𝐨𝐩𝐞𝐫𝐥𝐲!\n𝐢𝐧𝐭𝐫𝐨 𝐮𝐬𝐢𝐧𝐠 𝐨𝐰𝐧 𝐚𝐫𝐭!\n\n| 𝐈𝐧𝐭𝐫𝐨 𝐜𝐚𝐫𝐝:\n𝐧𝐚𝐦𝐞:\n𝐚𝐠𝐞:\n𝐟𝐫𝐨𝐦:\n𝐭𝐫𝐚𝐝𝐢/𝐝𝐢𝐠𝐢:",
    "remove": "selamat tinggal beban grub @name"
  },
  "120363318370107960@g.us": {
    "remove": "selamat tinggal beban grub @name",
    "add": "ω𝖾ᥣ𝖼ⱺꭑ𝖾 𝗍ⱺ \"*gratitude flow*\" ‼️ @name\n• new memb intro dulu, ya!\n• *intro card>>*\nnama:\numur:\naskot:\ngender:\nacc ig/acc tt:\n\n𝘁𝗵𝗮𝗻𝗸 𝘂 𝗳𝗼𝗿 𝗷𝗼𝗶𝗻𝗶𝗻𝗴 𝗲𝘃𝗲𝗿𝘆𝗼𝗻𝗲!"
  },
  "120363400275812212@g.us": {
    "add": "Hai @name , selamat datang di @group"
  },
  "120363417350190908@g.us": {
    "add": "ꜱᴇʟᴀᴍᴀᴛ ʙᴇʀɢᴀʙᴜɴɢ @name",
    "remove": "@name ᴛᴇʟᴀʜ ᴋᴇʟᴜᴀʀ ᴅᴀʀɪ ɢʀᴜᴘ"
  }
}